epoch,train_loss,train_acc,val_loss,val_acc,lr,epoch_time_sec
1,0.9620710148130145,0.7244285714285714,0.6105533056259155,0.9443333333333334,0.0001,372.8132209777832
2,0.557810344355447,0.9186428571428571,0.42099783245722455,0.967,0.0001,368.8198208808899
