epoch,train_loss,train_acc,val_loss,val_acc,lr,epoch_time_sec
1,0.9408398603030613,0.7418571428571429,0.5912971766789754,0.941,0.0001,394.94164085388184
2,0.5527757101740156,0.9178571428571428,0.4257463707923889,0.9656666666666667,0.0001,372.6660249233246
