class,ap
all_benign,0.9931004167752002
all_early,0.9908757560423256
all_pre,0.9955023328575642
all_pro,0.9968880109618102
