class,auc
all_benign,0.9976622222222222
all_early,0.996946962962963
all_pre,0.998021925925926
all_pro,0.998578962962963
