metric,value,ci95_low,ci95_high
accuracy,0.9683333333333334,0.962,0.9746666666666667
balanced_accuracy,0.9683333333333333,0.9619260392655903,0.9743960053416231
macro_f1,0.9683367466152946,0.9619561172621334,0.974468052273547
micro_f1,0.9683333333333334,0.962,0.9746666666666667
