metric,value,ci95_low,ci95_high
accuracy,0.9683333333333334,0.9621583333333333,0.9743499999999999
balanced_accuracy,0.9683333333333333,0.9619128907699,0.9743670241714505
macro_f1,0.9683367466152946,0.9620197283684919,0.9742788706407147
micro_f1,0.9683333333333334,0.9621583333333333,0.9743499999999999
