{
  "ece": 0.20314216500520707,
  "bin_edges": [
    0.0,
    0.06666666666666667,
    0.13333333333333333,
    0.2,
    0.26666666666666666,
    0.3333333333333333,
    0.4,
    0.4666666666666667,
    0.5333333333333333,
    0.6,
    0.6666666666666666,
    0.7333333333333333,
    0.8,
    0.8666666666666667,
    0.9333333333333333,
    1.0
  ],
  "bin_acc": [
    NaN,
    NaN,
    NaN,
    NaN,
    0.5,
    0.625,
    0.7,
    0.7927927927927928,
    0.8636363636363636,
    0.9684684684684685,
    0.99,
    0.994392523364486,
    1.0,
    1.0,
    1.0
  ],
  "bin_conf": [
    NaN,
    NaN,
    NaN,
    NaN,
    0.3120795339345932,
    0.37614696379750967,
    0.43731060240949904,
    0.502833815576794,
    0.5676417157731273,
    0.6349379994847753,
    0.7007888005673886,
    0.7673393626079381,
    0.8326089426703837,
    0.8963693540151182,
    0.9479371550920848
  ],
  "bin_count": [
    0,
    0,
    0,
    0,
    2,
    32,
    70,
    111,
    176,
    222,
    400,
    535,
    696,
    608,
    148
  ]
}