class,precision,recall_sensitivity,f1_score,specificity,support
all_benign,0.9581646423751687,0.9466666666666667,0.9523809523809524,0.9862222222222222,750
all_early,0.9448818897637795,0.96,0.9523809523809523,0.9813333333333333,750
all_pre,0.9864864864864865,0.9733333333333334,0.9798657718120806,0.9955555555555555,750
all_pro,0.9841479524438573,0.9933333333333333,0.988719309887193,0.9946666666666667,750
