epoch,train_loss,train_acc,val_loss,val_acc,lr,epoch_time_sec
1,0.9211369660922459,0.7743571428571429,0.575735439300537,0.9483333333333334,0.0001,457.769140958786
2,0.5413212154252188,0.9230714285714285,0.40247007163365683,0.9693333333333334,0.0001,648.8284368515015
