metric,mean,std
accuracy,0.9667777777777777,0.0013877773329774377
balanced_accuracy,0.9667777777777777,0.0013877773329773935
macro_f1,0.9667218384125992,0.0014523848454307878
micro_f1,0.9667777777777777,0.0013877773329774377
macro_recall,0.9667777777777777,0.0013877773329773935
